[
    {
        "id" : 1,
        "name" : "DreamHood Black",
        "price" : 899,
        "image" : "images/Dress-3.png"
    },

    {
        "id" : 2,
        "name" : "DreamHood White",
        "price" : 899,
        "image" : "images/Dress-2.png"
    },

    {
        "id" : 3,
        "name" : "DreamStreetBoy (Black)",
        "price" : 699,
        "image" : "images/dress.png"
    },

    {
        "id" : 4,
        "name" : "DreamStreetBoy (Maroon)",
        "price" : 699,
        "image" : "images/Dress-4.png"
    },

    {
        "id" : 5,
        "name" : "DreamStreetBoy (Brown)",
        "price" : 699,
        "image" : "images/Dress-5.png"
    },

    {
        "id" : 6,
        "name" : "DreamStreetBoy (Green)",
        "price" : 699,
        "image" : "images/Dress-6.png"
    }

    
]